<?xml version="1.0" encoding="utf-8" standalone="no" ?>
<mets ID="sort-mets_mets" OBJID="sword-mets" LABEL="DSpace SWORD Item" PROFILE="DSpace METS SIP Profile 1.0" xmlns="http://www.loc.gov/METS/" xmlns:xlink="http://www.w3.org/1999/xlink" xmlns:xsi="http://www.w3.org/2001/XMLSchema-instance" xsi:schemaLocation="http://www.loc.gov/METS/ http://www.loc.gov/standards/mets/mets.xsd">
	<metsHdr CREATEDATE="2008-09-04T00:00:00">
		<agent ROLE="CUSTODIAN" TYPE="ORGANIZATION">
			<name>Unknown</name>
		</agent>
	</metsHdr>
<dmdSec ID="sword-mets-dmd-1" GROUPID="sword-mets-dmd-1_group-1">
<mdWrap LABEL="SWAP Metadata" MDTYPE="OTHER" OTHERMDTYPE="EPDCX" MIMETYPE="text/xml">
<xmlData>
<epdcx:descriptionSet xmlns:epdcx="http://purl.org/eprint/epdcx/2006-11-16/" xmlns:xsi="http://www.w3.org/2001/XMLSchema-instance" xsi:schemaLocation="http://purl.org/eprint/epdcx/2006-11-16/ http://purl.org/eprint/epdcx/xsd/2006-11-16/epdcx.xsd">
<epdcx:description epdcx:resourceId="sword-mets-epdcx-1">
<epdcx:statement epdcx:propertyURI="http://purl.org/dc/elements/1.1/title">
<epdcx:valueString>This is a test for open access sword deposit</epdcx:valueString>
</epdcx:statement>
<epdcx:statement epdcx:propertyURI="http://purl.org/dc/elements/1.1/creator">
<epdcx:valueString>Hui Zhang</epdcx:valueString>
</epdcx:statement>
<epdcx:statement epdcx:propertyURI="http://purl.org/eprint/terms/isExpressedAs" epdcx:valueRef="sword-mets-expr-1" />
</epdcx:description>
<epdcx:description epdcx:resourceId="sword-mets-expr-1">
<epdcx:statement epdcx:propertyURI="http://purl.org/dc/elements/1.1/type" epdcx:valueURI="http://purl.org/eprint/entityType/Expression" />
<epdcx:statement epdcx:propertyURI="http://purl.org/dc/elements/1.1/type" epdcx:vesURI="http://purl.org/eprint/terms/Type" epdcx:valueURI="http://purl.org/eprint/entityType/Expression" />
</epdcx:description>
</epdcx:descriptionSet>
</xmlData>
</mdWrap>
</dmdSec>
	<fileSec>
		<fileGrp ID="sword-mets-fgrp-1" USE="CONTENT">
			<file GROUPID="sword-mets-fgid-0" ID="sword-mets-file-0" MIMETYPE="application/pdf">
				<FLocat LOCTYPE="URL" xlink:href="dspacehowtoguide.pdf" />
			</file>
			<file GROUPID="sword-mets-fgid-0" ID="sword-mets-file-1" MIMETYPE="text/rtf">
				<FLocat LOCTYPE="URL" xlink:href="Untitled-1.rtf" />
			</file>
		</fileGrp>
	</fileSec>
	<structMap ID="sword-mets-struct-1" LABEL="structure" TYPE="LOGICAL">
		<div ID="sword-mets-div-1" DMDID="sword-mets-dmd-1" TYPE="SWORD Object">
			<div ID="sword-mets-div-2" TYPE="File">
				<fptr FILEID="sword-mets-file-0" />
				<fptr FILEID="sword-mets-file-1" />
			</div>
		</div>
	</structMap>
</mets>
